{"ABAB":{"NETHERLANDS":1.2558217523,"UKRAINE":0.4415382237,"SCOTLAND":-1.5997863462,"BELGIUM":0.6661681626,"PORTUGAL":1.2558217523,"WALES":-1.7626430519,"SPAIN":1.6770028877,"MACEDONIA_REPUBLIC_OF":-0.100381504,"HUNGARY":-0.6619563512,"FRANCE":1.1856248963,"GERMANY":1.3962154641,"AUSTRIA":-0.0779185101,"DENMARK":-0.6619563512,"TURKEY":-0.195849228,"RUSSIA":-0.8500839251,"CROATIA":-1.2712650606,"POLAND":-0.100381504,"FINLAND":0.3657256193,"CZECH_REPUBLIC":-0.3446665625,"ITALY":1.0339996876,"ENGLAND":0.5145429538,"SWEDEN":-1.2712650606,"SLOVAKIA":-0.9427437749,"SWITZERLAND":0.0484358306},"ABAC":{"NETHERLANDS":0.8807105286,"UKRAINE":0.5537120418,"SCOTLAND":-1.1641631774,"BELGIUM":0.5925633471,"PORTUGAL":0.6055137822,"WALES":-1.4503677936,"SPAIN":2.677583402,"MACEDONIA_REPUBLIC_OF":-0.9485384326,"HUNGARY":-1.2722993107,"FRANCE":0.7350181335,"GERMANY":1.317787714,"AUSTRIA":0.0551202895,"DENMARK":-0.1605044553,"TURKEY":-0.2796484585,"RUSSIA":-1.0346588262,"CROATIA":-0.02581993,"POLAND":-0.6461457724,"FINLAND":-0.7756501237,"CZECH_REPUBLIC":-0.5470749438,"ITALY":0.994026836,"ENGLAND":0.9480527913,"SWEDEN":-1.1266069155,"SLOVAKIA":0.2817529042,"SWITZERLAND":-0.2103636305},"ABCB":{"NETHERLANDS":0.690972678,"UKRAINE":0.6277155928,"SCOTLAND":-1.2453599918,"BELGIUM":0.654350155,"PORTUGAL":0.5411532658,"WALES":-1.4397922957,"SPAIN":2.7052114422,"MACEDONIA_REPUBLIC_OF":-1.0456007756,"HUNGARY":-1.3119463973,"FRANCE":0.9739649011,"GERMANY":1.1903707187,"AUSTRIA":-0.0414777817,"DENMARK":-0.1912971939,"TURKEY":-0.4243496129,"RUSSIA":-0.8904544509,"CROATIA":0.1083416305,"POLAND":-0.6687217208,"FINLAND":-0.4243496129,"CZECH_REPUBLIC":-0.7972334833,"ITALY":0.9932749586,"ENGLAND":0.9167005924,"SWEDEN":-1.0402738631,"SLOVAKIA":0.2634879551,"SWITZERLAND":-0.1446867101},"ABCA":{"NETHERLANDS":0.9534631612,"UKRAINE":0.8028958516,"SCOTLAND":-0.7339291012,"BELGIUM":0.6367526135,"PORTUGAL":0.5381050658,"WALES":-1.0973674346,"SPAIN":2.1735775663,"MACEDONIA_REPUBLIC_OF":-1.0797147156,"HUNGARY":-1.3912332871,"FRANCE":1.083262566,"GERMANY":1.9918583995,"AUSTRIA":-0.0330123153,"DENMARK":0.2525463753,"TURKEY":-0.2489985249,"RUSSIA":-1.2188596775,"CROATIA":0.2265864943,"POLAND":-0.837768625,"FINLAND":-0.7339291012,"CZECH_REPUBLIC":-0.7131611964,"ITALY":1.031342804,"ENGLAND":0.2151641467,"SWEDEN":-1.0973674346,"SLOVAKIA":-0.5262500535,"SWITZERLAND":-0.1939635772},"ABCD":{"NETHERLANDS":0.0001574307,"UKRAINE":0.5419708718,"SCOTLAND":-0.5753587712,"BELGIUM":0.9953712409,"PORTUGAL":0.676479648,"WALES":-1.0917817916,"SPAIN":2.9711389161,"MACEDONIA_REPUBLIC_OF":-0.877625684,"HUNGARY":-1.6937463484,"FRANCE":0.8767314777,"GERMANY":1.2961268191,"AUSTRIA":0.2193009424,"DENMARK":-0.0388350011,"TURKEY":-0.2730918584,"RUSSIA":-0.7668448604,"CROATIA":0.1286208686,"POLAND":-0.8978775671,"FINLAND":-1.0287591403,"CZECH_REPUBLIC":-0.8424115886,"ITALY":0.8244393018,"ENGLAND":0.4552202678,"SWEDEN":-0.7781798697,"SLOVAKIA":-0.1521850933,"SWITZERLAND":0.0311397892}}